transaction_id,account_type,amount,transaction_type,status,client,timestamp
162,,4500,,,John,
579,Checking,200,,,Alice,Invalid
712,Credit,,,Completed,,
543,Savings,200,,Pending,Michael,
587,Checking,200,,Pending,Kim,
237,,4500,,Pending,Sarah,
839,,nan,,Pending,,
66,Savings,3000,,Failed,Michael,
70,Credit,100,Withdrawal,,Kim,Invalid
809,,3000,Transfer,,,
447,,nan,Withdrawal,Pending,John,2025-02-01
416,,3000,,Pending,,
532,Checking,,Transfer,Pending,Alice,2025-02-01
441,Credit,,Transfer,,Alice,
738,Checking,4500,,,Kim,
464,Credit,200,Transfer,Pending,Michael,
396,,nan,Transfer,Failed,Sarah,
711,,nan,Withdrawal,Completed,John,
551,Checking,3000,Transfer,Completed,Kim,
657,,4500,,Completed,John,2025-02-01
557,Credit,3000,Deposit,,Alice,2025-02-01
395,Checking,3000,Deposit,,,
326,Checking,nan,Deposit,Completed,,
893,,3000,,Completed,Sarah,2025-02-01
91,Checking,200,Deposit,Failed,John,Invalid
750,,3000,Withdrawal,,Kim,
70,,200,,,Sarah,
166,,nan,,Completed,,
642,Credit,4500,,Failed,,Invalid
214,,,Transfer,Failed,Michael,Invalid
852,,200,Transfer,Completed,,2025-02-01
601,Savings,4500,Transfer,Completed,Kim,Invalid
335,Savings,4500,,,John,
764,Checking,200,Withdrawal,Completed,Sarah,2025-02-01
369,Checking,nan,,Pending,Kim,Invalid
861,Savings,100,,Failed,Sarah,2025-02-01
584,,4500,Transfer,Completed,Sarah,2025-02-01
677,Checking,4500,,Pending,Sarah,
49,,nan,,Failed,John,2025-02-01
52,,nan,Deposit,Pending,Kim,2025-02-01
289,,3000,,Pending,Alice,Invalid
790,Checking,nan,,Completed,Alice,
626,,4500,Transfer,Failed,John,
239,Checking,200,Withdrawal,Pending,,Invalid
133,Checking,100,Withdrawal,,John,
786,,3000,Deposit,Failed,,2025-02-01
166,Savings,200,Withdrawal,,Sarah,
374,,100,Withdrawal,Completed,Kim,2025-02-01
373,,100,Transfer,,Kim,2025-02-01
805,Credit,100,Transfer,Failed,Michael,
478,,,,Pending,Michael,Invalid
755,Checking,200,Deposit,Pending,Alice,2025-02-01
479,Checking,3000,Withdrawal,Failed,Michael,2025-02-01
832,,3000,,Pending,Michael,Invalid
650,Credit,100,Deposit,,Alice,2025-02-01
591,,200,Withdrawal,Pending,,2025-02-01
682,Credit,,Withdrawal,Pending,,
635,Credit,100,Transfer,,Alice,Invalid
688,,nan,,,,2025-02-01
300,Checking,3000,Deposit,,Michael,2025-02-01
82,Checking,4500,Withdrawal,Completed,Kim,
87,Credit,100,Deposit,,Michael,
225,Checking,nan,,,Sarah,
16,Savings,3000,,Completed,,2025-02-01
822,Credit,,,Pending,,2025-02-01
358,Checking,200,Withdrawal,,Sarah,
163,Savings,3000,Transfer,Failed,Sarah,
610,,200,Withdrawal,,,
668,Checking,200,Deposit,,John,
514,Savings,,,Completed,Sarah,
350,,,Deposit,Failed,,Invalid
681,,100,,Pending,Kim,
464,Savings,100,,Pending,,2025-02-01
827,Credit,3000,Transfer,Failed,,
837,Credit,,,,,
375,Checking,nan,Withdrawal,Completed,John,2025-02-01
92,,3000,Withdrawal,Failed,John,Invalid
181,Credit,4500,,Failed,Sarah,
743,Credit,200,,Pending,Michael,2025-02-01
301,,200,Withdrawal,Completed,,2025-02-01
660,,100,Withdrawal,Failed,Alice,
792,Credit,nan,Transfer,Completed,Michael,
189,Savings,,,,Michael,
859,Checking,,Withdrawal,Pending,John,Invalid
862,Credit,100,,,John,2025-02-01
314,Credit,4500,Deposit,Completed,,
493,,3000,,,,
128,Savings,3000,Transfer,Pending,John,
519,Checking,nan,Withdrawal,Completed,Kim,
426,Credit,100,,Failed,Kim,
559,Checking,100,,,Alice,Invalid
565,,4500,,Pending,John,2025-02-01
187,Credit,3000,,Failed,Sarah,
550,Credit,100,Transfer,Pending,,2025-02-01
453,,,,Completed,John,
471,,nan,Withdrawal,Completed,Kim,Invalid
738,Credit,3000,Transfer,,John,2025-02-01
565,Checking,4500,Withdrawal,Pending,Kim,
224,Savings,nan,Deposit,Pending,John,2025-02-01
154,Checking,200,,Pending,,2025-02-01
560,,,Deposit,Completed,Sarah,
351,Savings,4500,,,Alice,Invalid
147,Checking,nan,Transfer,Pending,,Invalid
576,Checking,100,Withdrawal,Pending,Sarah,2025-02-01
349,,200,Withdrawal,Failed,Kim,2025-02-01
182,,4500,Transfer,Pending,,
637,,100,,,,2025-02-01
179,Savings,,Deposit,Failed,Michael,
39,,200,Deposit,Failed,Sarah,Invalid
772,,3000,Withdrawal,Failed,John,Invalid
894,Credit,100,Withdrawal,Completed,Alice,
3,Credit,nan,Withdrawal,Failed,John,2025-02-01
64,Savings,4500,Transfer,Pending,John,Invalid
29,Credit,200,,Completed,Sarah,
372,,100,Deposit,Completed,Alice,
523,Savings,3000,,Completed,Michael,Invalid
97,,4500,Transfer,Completed,,Invalid
870,Savings,4500,Deposit,Completed,John,Invalid
442,Savings,100,,Completed,Alice,
203,Checking,3000,Transfer,Completed,Michael,
411,Checking,,Deposit,Failed,,
21,Savings,,Transfer,,John,2025-02-01
551,Credit,200,Deposit,Pending,Alice,
735,Checking,100,Deposit,Pending,,2025-02-01
102,,200,,Failed,Sarah,
46,,,,Failed,,
66,Checking,4500,,Completed,,2025-02-01
603,Savings,200,Deposit,,John,2025-02-01
164,Credit,3000,Transfer,Completed,John,2025-02-01
111,,nan,,Failed,,
338,Checking,,,Completed,Alice,Invalid
123,Credit,,Deposit,Pending,,
705,Credit,3000,,Pending,John,
447,Credit,200,,Completed,Michael,
611,Savings,100,,,John,
291,,4500,,Completed,,2025-02-01
671,Credit,nan,Transfer,Completed,Kim,2025-02-01
412,,100,,,,Invalid
615,Checking,100,,,Michael,Invalid
897,,3000,Deposit,,Alice,
281,Savings,200,Withdrawal,Pending,Michael,Invalid
43,Savings,,Transfer,Completed,Kim,Invalid
486,,,Deposit,Failed,Kim,
596,,3000,Deposit,,John,
703,Savings,200,,,John,Invalid
51,Savings,3000,Withdrawal,Completed,,
898,,,Withdrawal,Failed,Sarah,2025-02-01
210,Savings,100,Transfer,Completed,Michael,Invalid
126,,4500,Withdrawal,Completed,,2025-02-01
492,,200,Deposit,,Sarah,2025-02-01
509,,nan,Withdrawal,,,
581,Checking,nan,Withdrawal,Pending,Kim,
777,,100,,Failed,John,Invalid
258,,3000,Deposit,Failed,John,
188,Checking,3000,Withdrawal,,,
230,Credit,,Withdrawal,,John,2025-02-01
189,Savings,100,,,Alice,Invalid
415,,,Withdrawal,Failed,,2025-02-01
10,Savings,,Withdrawal,Pending,Kim,2025-02-01
114,,nan,,Failed,,Invalid
76,Savings,,Deposit,,,
676,Checking,,Transfer,,,
502,Savings,nan,Deposit,Pending,John,Invalid
85,Savings,3000,,Completed,Kim,Invalid
49,Savings,200,Deposit,Completed,,
495,Credit,4500,Withdrawal,Failed,John,
838,Credit,,,Completed,Michael,2025-02-01
689,,200,Deposit,Completed,Kim,Invalid
387,Checking,nan,,Failed,Sarah,
389,Savings,200,Transfer,,Alice,2025-02-01
218,Savings,4500,Deposit,Completed,Sarah,2025-02-01
701,Savings,200,Withdrawal,,,2025-02-01
346,Savings,200,,Failed,Kim,2025-02-01
230,Credit,200,,,,
255,,200,,,John,2025-02-01
236,,100,,Failed,,Invalid
26,Checking,,Withdrawal,,Kim,
584,Savings,nan,Transfer,Completed,Alice,
261,,4500,,Completed,Kim,Invalid
766,,nan,Transfer,Completed,,Invalid
271,,100,,Completed,John,Invalid
123,Credit,100,Withdrawal,,Sarah,
656,,100,,Completed,Michael,
257,,,,,Sarah,
656,Credit,100,Deposit,Pending,John,Invalid
421,,200,,,,
259,,nan,Transfer,Completed,John,2025-02-01
47,,3000,Withdrawal,Pending,Alice,
863,Credit,4500,Withdrawal,Failed,Kim,
525,Savings,100,,,Kim,Invalid
888,Checking,nan,Deposit,Completed,Sarah,Invalid
208,,100,Transfer,Completed,,2025-02-01
311,Credit,,,Completed,Michael,
747,,100,,Failed,Michael,
149,Credit,100,Withdrawal,Pending,Alice,
834,Checking,100,Transfer,Pending,John,2025-02-01
438,Checking,100,Deposit,Completed,Alice,
155,Savings,4500,Withdrawal,,Kim,
678,Savings,nan,,Completed,,Invalid
90,Checking,,Withdrawal,Completed,,Invalid
698,,100,Withdrawal,,,
830,,100,,Completed,John,
358,,100,Withdrawal,Failed,Alice,
174,Savings,100,Withdrawal,Completed,,
217,,200,Transfer,Failed,Sarah,
456,Savings,200,Withdrawal,Completed,Kim,
776,Checking,3000,Deposit,Pending,,
609,,100,,,,Invalid
629,,3000,Transfer,Pending,Michael,Invalid
199,Checking,4500,Withdrawal,Completed,Alice,Invalid
832,,3000,Deposit,Completed,Kim,Invalid
486,,nan,,Failed,Kim,2025-02-01
533,Credit,200,Transfer,Completed,Michael,Invalid
200,Savings,200,Deposit,Completed,Michael,2025-02-01
371,,100,Withdrawal,Completed,Michael,Invalid
853,Checking,100,,Pending,,
448,,4500,,Failed,,
248,,,Transfer,Pending,Alice,
788,Savings,4500,Deposit,Failed,Michael,
264,Credit,nan,,Pending,Sarah,2025-02-01
58,Savings,100,Deposit,Completed,Kim,Invalid
302,,100,,Pending,Michael,
31,,4500,Transfer,Pending,Kim,
498,,4500,Withdrawal,Failed,John,Invalid
249,,4500,Deposit,Failed,,2025-02-01
605,Checking,200,,Pending,John,2025-02-01
777,Credit,3000,,Failed,Michael,2025-02-01
271,,3000,Transfer,Failed,Kim,
606,,100,Withdrawal,Failed,,2025-02-01
666,,200,Deposit,,John,2025-02-01
394,Credit,4500,,Failed,Michael,
797,Savings,100,Withdrawal,,Kim,
502,Credit,200,,,Michael,
592,Credit,nan,,Failed,,
804,Credit,,,Pending,Kim,Invalid
84,,200,,Failed,John,
365,,100,Transfer,Completed,Michael,
886,Checking,3000,,Pending,John,2025-02-01
549,Savings,4500,,,Michael,
342,,,Deposit,,Alice,2025-02-01
839,Credit,nan,,Pending,John,
407,Savings,,Transfer,Pending,John,2025-02-01
425,Savings,,Withdrawal,Failed,Sarah,Invalid
744,Checking,200,Withdrawal,,,2025-02-01
93,,100,,Completed,,2025-02-01
848,Credit,100,Withdrawal,Failed,John,Invalid
614,,,,Pending,Kim,Invalid
412,Checking,4500,Transfer,,,
432,,100,Withdrawal,Pending,Michael,2025-02-01
678,Savings,,Deposit,Pending,Alice,Invalid
159,Credit,100,,Pending,Kim,Invalid
14,,4500,Withdrawal,Failed,,
373,Checking,nan,Transfer,Completed,Kim,
225,,,Transfer,Completed,Kim,Invalid
505,Savings,3000,Deposit,,Kim,Invalid
73,Credit,3000,Transfer,Pending,,2025-02-01
249,,,Transfer,Completed,Alice,
511,,200,Withdrawal,Pending,Sarah,2025-02-01
603,Savings,nan,,,,
216,,200,,Pending,John,
602,Checking,3000,Transfer,Completed,,2025-02-01
541,,4500,Transfer,Pending,Kim,Invalid
817,,,,Completed,John,Invalid
220,,100,Transfer,,,
840,Savings,3000,Withdrawal,Pending,John,Invalid
727,Savings,nan,Withdrawal,Completed,Kim,2025-02-01
221,Checking,3000,,,Sarah,
389,,nan,Transfer,Pending,,Invalid
554,Savings,nan,Transfer,,John,Invalid
647,Checking,,,Completed,Michael,
42,Checking,nan,Transfer,Pending,John,
676,,200,Withdrawal,Pending,,
873,Credit,4500,Deposit,Pending,Kim,
283,,3000,Deposit,,Alice,2025-02-01
58,Credit,4500,Deposit,,John,Invalid
814,Checking,100,Deposit,Completed,Sarah,Invalid
834,Savings,3000,Transfer,Failed,Michael,Invalid
537,,4500,Transfer,Pending,Michael,
73,Checking,4500,,Pending,Alice,
885,Savings,,Transfer,Completed,,
129,Checking,,Deposit,Pending,Alice,Invalid
599,,100,,,,Invalid
842,Credit,nan,,,John,Invalid
426,Checking,3000,Withdrawal,Pending,Kim,Invalid
665,Savings,,Withdrawal,Pending,Sarah,Invalid
694,,3000,Transfer,,Michael,2025-02-01
125,,100,,Pending,Alice,Invalid
67,,,Deposit,,Sarah,2025-02-01
6,Credit,,Deposit,Failed,,Invalid
637,,nan,Deposit,Failed,Kim,
314,,3000,Transfer,Pending,Michael,
326,Savings,3000,Transfer,Pending,Michael,2025-02-01
565,Checking,3000,,Pending,,Invalid
578,Credit,nan,Deposit,,Kim,
826,,,Deposit,Failed,Michael,
506,Credit,100,Transfer,Failed,Kim,Invalid
82,,3000,Transfer,Completed,Michael,Invalid
599,Credit,4500,,Completed,John,
2,,nan,,Pending,,Invalid
204,Checking,200,Withdrawal,,Kim,
662,Checking,100,,Pending,Sarah,Invalid
805,Credit,4500,Deposit,Failed,John,
404,Savings,3000,Deposit,Pending,,
103,Credit,200,,Pending,Sarah,2025-02-01
536,,100,,Failed,,
368,Checking,nan,Withdrawal,Failed,Michael,
212,Checking,200,,Failed,,
577,Checking,,Withdrawal,Failed,Sarah,Invalid
209,Savings,200,,Completed,John,
763,Savings,4500,Deposit,,,2025-02-01
897,,100,Withdrawal,,,
117,Credit,4500,,Failed,Kim,2025-02-01
628,Credit,4500,Withdrawal,,Alice,
749,,3000,Withdrawal,,Sarah,2025-02-01
478,Checking,nan,Deposit,,Alice,Invalid
105,Savings,200,,,,Invalid
495,,100,,Failed,Sarah,Invalid
771,,,Transfer,Pending,Sarah,
46,Savings,nan,Transfer,Pending,Kim,Invalid
823,Credit,nan,Transfer,Pending,Michael,Invalid
331,Checking,100,Deposit,Completed,John,
216,Credit,nan,Withdrawal,,John,
492,,3000,,Failed,John,Invalid
813,Checking,nan,,Failed,,Invalid
845,,3000,Withdrawal,Completed,,
449,,200,,Failed,Michael,
536,Credit,200,Withdrawal,Pending,Alice,
511,Credit,4500,Deposit,Completed,John,
458,Credit,3000,Deposit,Failed,Alice,
547,Savings,,Deposit,Completed,Michael,2025-02-01
536,,200,Withdrawal,Completed,,2025-02-01
540,Checking,nan,Withdrawal,Failed,Michael,Invalid
484,Credit,100,,Pending,Kim,Invalid
16,Credit,100,,Failed,,Invalid
571,Savings,3000,,,John,2025-02-01
243,Checking,,,,,
207,,4500,,Failed,Kim,Invalid
271,,nan,Deposit,Pending,John,
761,Savings,3000,,,Michael,Invalid
779,,100,Withdrawal,,Michael,
705,,3000,Transfer,Failed,Sarah,
847,Credit,nan,Withdrawal,Failed,Sarah,2025-02-01
730,Credit,,,Failed,Michael,
115,Checking,,,Completed,Michael,
580,,200,Withdrawal,Completed,Alice,2025-02-01
299,Credit,nan,,Completed,,Invalid
837,Credit,200,Withdrawal,Failed,Alice,2025-02-01
483,Checking,200,,Pending,,
397,,200,Withdrawal,,Kim,
394,Credit,3000,,Completed,Sarah,
75,Savings,100,Transfer,Pending,Sarah,
482,Savings,,Deposit,Failed,Michael,
103,,3000,Withdrawal,Completed,Michael,
297,,100,Transfer,Failed,Kim,
178,Checking,,Deposit,Pending,,Invalid
215,Savings,nan,Withdrawal,Completed,,Invalid
315,Savings,,Transfer,Completed,,2025-02-01
39,,,Transfer,Completed,Sarah,
259,,,Transfer,Completed,Alice,Invalid
716,,4500,,Pending,,
7,,nan,,Completed,John,
49,Savings,3000,Deposit,,Kim,Invalid
538,Checking,3000,,,,2025-02-01
161,Savings,100,,Failed,John,
869,,3000,,Completed,,
176,Savings,200,Transfer,,Alice,Invalid
591,Checking,,,,Alice,
2,Credit,3000,,,,Invalid
895,Savings,100,Withdrawal,Pending,John,2025-02-01
455,,100,Transfer,Completed,Kim,
644,Credit,200,Deposit,Pending,John,2025-02-01
276,,100,Withdrawal,Pending,Kim,
498,,4500,Withdrawal,,,
629,,,Withdrawal,,Kim,
676,Savings,,,Failed,Michael,Invalid
800,,,,Completed,Sarah,2025-02-01
28,Credit,nan,Transfer,Completed,,2025-02-01
333,Checking,3000,,,Sarah,2025-02-01
1,,4500,,,Alice,
188,Savings,3000,,Completed,Michael,
56,,4500,Transfer,Failed,Sarah,
547,Checking,3000,Transfer,,,
112,Credit,200,,Failed,Kim,2025-02-01
798,,100,,Pending,Kim,
310,,100,,,John,2025-02-01
36,Checking,200,,Pending,John,2025-02-01
439,Savings,4500,Withdrawal,,Kim,Invalid
729,Credit,nan,Withdrawal,Pending,,2025-02-01
592,Checking,4500,,,Kim,
826,,100,,Failed,John,
595,Credit,nan,Deposit,Failed,Sarah,
577,,3000,Withdrawal,Failed,Alice,Invalid
325,Checking,nan,Deposit,Pending,John,Invalid
640,,4500,Deposit,Failed,,
307,,200,,Pending,Sarah,2025-02-01
534,,3000,Transfer,,Sarah,2025-02-01
728,Savings,4500,Withdrawal,Pending,Sarah,
619,,3000,,,Michael,
109,,nan,,Completed,Michael,
372,,100,Transfer,Completed,,
357,Credit,4500,Withdrawal,Completed,Sarah,
181,,200,,Pending,,
356,,nan,,Completed,Kim,2025-02-01
676,Checking,4500,,Completed,,Invalid
68,Savings,200,Deposit,Completed,Michael,
292,Credit,4500,,,John,2025-02-01
692,,nan,Withdrawal,Failed,,
181,Checking,4500,Transfer,Pending,Michael,
466,Savings,3000,,Completed,Kim,
434,Credit,nan,Withdrawal,,Alice,2025-02-01
464,Credit,4500,,Failed,,Invalid
681,,100,Deposit,Failed,Michael,
534,Credit,4500,,Failed,,
66,Checking,3000,Withdrawal,,,Invalid
21,Credit,200,Transfer,Completed,,
612,,200,Deposit,Failed,Sarah,
384,Checking,200,Deposit,,Sarah,Invalid
812,Savings,100,,,Sarah,
615,Savings,3000,Deposit,Pending,,Invalid
559,,nan,Withdrawal,,Alice,
39,,200,,Failed,Kim,
285,,3000,Deposit,Failed,,2025-02-01
822,Savings,4500,Transfer,,John,
602,Savings,100,Withdrawal,Failed,,
597,Savings,3000,Transfer,,,
785,Savings,3000,Transfer,Failed,,2025-02-01
336,Credit,nan,,Pending,,2025-02-01
188,Checking,3000,,Completed,Kim,2025-02-01
671,Checking,nan,,Pending,Alice,
243,,100,Withdrawal,Pending,,
73,Credit,100,Withdrawal,Completed,Sarah,
479,Savings,4500,,Failed,Kim,
561,Savings,nan,,Completed,John,
101,,nan,,,Sarah,2025-02-01
514,,200,Withdrawal,Completed,John,Invalid
756,,200,,Pending,Michael,
176,Savings,4500,Withdrawal,Completed,John,Invalid
238,,100,,Failed,Sarah,
59,Credit,,,Pending,Michael,
865,Checking,200,,,Sarah,
99,Savings,3000,,Failed,,
871,Credit,100,,Pending,Sarah,Invalid
495,Savings,,,,Michael,
514,,3000,,Failed,John,
755,,nan,Withdrawal,,,Invalid
297,,100,Transfer,Completed,Alice,
211,Checking,4500,,Completed,Alice,
123,,nan,Withdrawal,,Alice,Invalid
229,Savings,nan,Withdrawal,Completed,Alice,Invalid
594,,3000,Deposit,,Kim,2025-02-01
656,Savings,nan,,Failed,Alice,2025-02-01
388,Checking,200,Withdrawal,Pending,Michael,Invalid
140,,100,Deposit,,,Invalid
541,,200,,Pending,Alice,2025-02-01
391,,3000,,Pending,Sarah,
270,,,Deposit,,,
759,,3000,,Completed,Alice,
12,,100,Transfer,Failed,,
867,,nan,Transfer,Pending,John,Invalid
389,Savings,4500,Transfer,Failed,Michael,
337,Checking,3000,Transfer,Pending,Michael,2025-02-01
506,,100,Withdrawal,,,
106,Savings,4500,Transfer,Completed,,
32,,nan,Withdrawal,Failed,Kim,
74,Savings,,Withdrawal,Pending,Sarah,2025-02-01
171,,3000,,,,
849,,,Withdrawal,,Michael,2025-02-01
69,,100,Withdrawal,Pending,John,Invalid
813,,,Transfer,Pending,Alice,
362,Credit,,Withdrawal,Pending,Michael,2025-02-01
649,Savings,100,,Completed,John,Invalid
433,Credit,100,Transfer,Pending,Alice,Invalid
100,Savings,3000,Deposit,Pending,Kim,Invalid
658,Checking,,Transfer,Completed,Michael,
9,,4500,Withdrawal,,Michael,
574,Checking,100,,Pending,,
697,Checking,nan,Transfer,Failed,,
29,Savings,,,,John,Invalid
893,Credit,100,Deposit,Failed,,
114,,4500,Deposit,Pending,,
462,Savings,3000,,Completed,Sarah,
143,,,,Completed,Kim,2025-02-01
390,Checking,100,Transfer,Completed,Sarah,
632,,100,,Pending,Michael,Invalid
682,Credit,nan,,Pending,Sarah,Invalid
157,Savings,nan,,Failed,Alice,
335,Credit,,,Completed,Kim,
861,Credit,100,,Pending,Sarah,Invalid
260,Savings,,,,Alice,Invalid
82,Credit,100,,Pending,John,
754,,nan,Withdrawal,Pending,Sarah,
441,,4500,Withdrawal,,Kim,Invalid
172,,200,,Completed,Alice,
231,,200,,,Sarah,
720,Credit,100,Transfer,Completed,John,
75,Savings,nan,Deposit,,Sarah,2025-02-01
270,Savings,3000,Withdrawal,Failed,Alice,
899,,3000,,Completed,Sarah,Invalid
626,Savings,200,Deposit,Pending,Kim,2025-02-01
62,,4500,Withdrawal,Failed,Michael,
874,Credit,200,Transfer,Completed,Alice,2025-02-01
320,Savings,100,,Completed,Alice,Invalid
102,Savings,4500,,Completed,Alice,Invalid
429,Checking,3000,Transfer,,Alice,
874,Checking,nan,Withdrawal,Completed,Sarah,
722,Checking,nan,,Pending,Kim,
255,Credit,100,Deposit,Completed,John,2025-02-01
532,,200,,Pending,Kim,
570,,100,Withdrawal,Pending,Alice,2025-02-01
112,,nan,,Pending,,Invalid
313,Credit,3000,,Failed,Sarah,Invalid
461,Credit,nan,Transfer,Pending,,Invalid
708,Checking,4500,,,Sarah,Invalid
887,Savings,,Deposit,Completed,Alice,Invalid
462,,nan,Withdrawal,,Sarah,2025-02-01
865,,nan,Deposit,Failed,Alice,Invalid
92,Savings,,,Completed,Kim,2025-02-01
52,Checking,4500,Transfer,Pending,,Invalid
805,Savings,200,Transfer,Completed,Michael,2025-02-01
520,Savings,nan,Deposit,Failed,Sarah,2025-02-01
812,,100,,Failed,Alice,2025-02-01
98,Checking,nan,,,,
236,Credit,100,Transfer,Completed,Alice,2025-02-01
374,,4500,Deposit,Completed,,2025-02-01
581,Credit,nan,Deposit,Completed,Sarah,Invalid
557,Checking,4500,Deposit,,John,2025-02-01
649,Savings,4500,,Failed,,2025-02-01
234,,200,,Pending,Alice,
32,,nan,,Completed,Sarah,
289,Checking,100,,,Alice,
638,,100,Withdrawal,,John,Invalid
579,Credit,nan,,Pending,Michael,
542,,,Deposit,Failed,,
114,Checking,200,,Completed,,
204,Checking,200,Deposit,Completed,John,
29,Credit,200,Transfer,,Kim,
643,,100,Deposit,Failed,Sarah,2025-02-01
474,,4500,,Completed,John,
697,Savings,,,Pending,Michael,
253,,200,Deposit,Failed,Alice,
798,Checking,100,Withdrawal,Failed,Sarah,Invalid
386,Savings,100,Transfer,,,Invalid
62,Checking,4500,Withdrawal,,John,Invalid
515,Savings,nan,Withdrawal,Completed,Michael,Invalid
430,,nan,Withdrawal,,John,
580,Savings,200,Transfer,Failed,Kim,Invalid
537,Checking,200,Transfer,Completed,,
691,,,Transfer,Completed,,2025-02-01
141,Checking,4500,Transfer,Failed,Sarah,
743,Credit,200,Withdrawal,Completed,Alice,Invalid
300,Credit,4500,,Pending,Michael,
675,Credit,100,,Pending,John,Invalid
311,Credit,200,Transfer,Completed,Sarah,
471,,100,,,John,Invalid
393,,3000,Deposit,Pending,Sarah,2025-02-01
642,,4500,,Completed,,Invalid
445,Checking,3000,,Pending,Kim,
758,Savings,200,,,John,
809,Checking,100,,Failed,Kim,
172,Checking,200,Deposit,Completed,,
576,Checking,3000,,Completed,,
31,Checking,200,Transfer,Completed,,2025-02-01
47,,,,Completed,Michael,
130,Savings,nan,Transfer,Completed,Kim,2025-02-01
352,Checking,3000,Transfer,Completed,Sarah,
845,,200,,,Michael,
622,Checking,100,Transfer,Failed,John,2025-02-01
581,Credit,200,Deposit,,John,
58,Checking,100,Transfer,,Sarah,
106,Checking,nan,,Failed,Alice,2025-02-01
812,,200,Transfer,,Alice,Invalid
330,Credit,nan,,Pending,John,2025-02-01
768,Savings,3000,,,,
824,Checking,100,,Completed,,
683,Savings,,Withdrawal,Pending,Sarah,Invalid
383,Credit,3000,,Pending,Alice,
162,Checking,100,,Failed,Kim,Invalid
286,,nan,Withdrawal,,John,
71,,4500,,,,Invalid
767,,200,,Pending,Kim,2025-02-01
454,,nan,,,Sarah,Invalid
886,,100,,,,Invalid
567,,100,Withdrawal,Failed,Kim,Invalid
835,,100,,Pending,Alice,
397,Checking,100,Transfer,Completed,,
515,Savings,200,Deposit,Pending,Alice,2025-02-01
26,Savings,3000,,Failed,,
313,,,Transfer,Failed,Michael,
126,,4500,,Failed,,2025-02-01
408,Credit,200,Transfer,,John,
565,,100,Transfer,Pending,,Invalid
198,,200,,,Sarah,
811,,nan,Withdrawal,,John,
188,Checking,,,Pending,Kim,Invalid
698,Checking,100,,Failed,,
817,Savings,4500,Transfer,Completed,Sarah,Invalid
810,Savings,100,Deposit,Completed,Sarah,2025-02-01
716,Credit,,Transfer,Pending,Alice,Invalid
484,Credit,4500,,Pending,Kim,
450,Credit,,,Failed,Alice,
523,Credit,4500,,Pending,Alice,
871,,3000,Withdrawal,Pending,,Invalid
354,,3000,Transfer,Failed,Michael,2025-02-01
658,Savings,200,Withdrawal,Failed,Alice,
597,Checking,200,,,John,
100,Checking,4500,Transfer,Pending,Sarah,Invalid
616,,100,Transfer,Completed,,2025-02-01
558,,nan,,Pending,Alice,2025-02-01
556,Credit,nan,,Completed,,
278,Credit,100,Deposit,Completed,John,
693,,100,,Completed,Kim,
699,Checking,3000,Transfer,,Sarah,2025-02-01
626,Credit,nan,,Failed,,
491,Checking,4500,Deposit,Failed,,2025-02-01
255,,,,,,2025-02-01
381,Checking,200,,Failed,,Invalid
892,Checking,,Transfer,,,
542,Checking,3000,,Pending,Kim,2025-02-01
264,Credit,nan,Transfer,,,
610,Savings,100,,Failed,John,
825,,nan,Transfer,Failed,,
879,Checking,4500,,Pending,Kim,
329,Checking,3000,,,,
115,Checking,100,Deposit,Pending,,2025-02-01
276,Savings,,,Completed,Kim,Invalid
488,,4500,Deposit,,Kim,2025-02-01
281,Credit,,Withdrawal,Pending,Alice,
275,Savings,200,,Pending,Alice,2025-02-01
773,Checking,3000,,Failed,Alice,2025-02-01
843,Savings,4500,Deposit,,,
719,Savings,4500,Deposit,Completed,Sarah,
896,Savings,,Withdrawal,Completed,John,2025-02-01
328,,100,Deposit,,,2025-02-01
211,,200,Transfer,,,2025-02-01
727,Credit,,,Pending,Alice,
552,,4500,Deposit,Failed,Kim,2025-02-01
26,,3000,Deposit,Failed,,
27,,4500,Withdrawal,Failed,Kim,Invalid
702,,nan,Transfer,,,
83,Savings,3000,Deposit,Failed,Kim,2025-02-01
896,Savings,3000,,Pending,Kim,Invalid
682,Checking,4500,,,Michael,
413,,100,Deposit,,Sarah,
167,Checking,3000,Transfer,Failed,John,
700,Credit,nan,,Completed,John,Invalid
169,Savings,,,Completed,Alice,
801,Credit,100,Transfer,Pending,Michael,Invalid
229,,100,Transfer,Failed,,
609,Savings,100,Deposit,Failed,,
367,Credit,3000,,,John,2025-02-01
528,,100,Withdrawal,,Sarah,
791,Credit,4500,,Failed,Kim,Invalid
647,,100,,,,Invalid
538,,nan,,Failed,Alice,
864,Savings,200,Transfer,Pending,Sarah,
524,Checking,nan,,,John,Invalid
72,,3000,Withdrawal,Failed,Michael,
645,,100,Deposit,,Alice,
106,Savings,100,Withdrawal,Pending,John,2025-02-01
732,Checking,4500,,,,Invalid
885,,,,Failed,Alice,2025-02-01
689,,100,,,John,Invalid
282,Checking,nan,,,,2025-02-01
133,Credit,3000,,Failed,,
534,Savings,200,Deposit,Completed,,Invalid
269,Checking,100,,,Kim,
412,,200,,,Michael,
673,,100,Transfer,Pending,Kim,Invalid
619,,3000,,Completed,John,
791,,,,Pending,,2025-02-01
865,Savings,nan,,Failed,Sarah,
747,,3000,Deposit,Failed,,Invalid
18,Checking,200,Withdrawal,Pending,,
754,,100,,,,2025-02-01
117,Credit,200,,Completed,Kim,2025-02-01
798,Checking,nan,,Pending,Sarah,2025-02-01
794,Savings,3000,,Pending,,
144,Checking,200,Deposit,Failed,John,Invalid
717,Credit,200,,,Michael,2025-02-01
551,Savings,nan,,Completed,Sarah,
666,,100,Transfer,Pending,John,2025-02-01
688,Credit,200,Deposit,Completed,Sarah,
753,Savings,nan,,Completed,Kim,Invalid
422,,100,Withdrawal,Pending,John,
898,Checking,,,Completed,Kim,
369,Savings,100,,Failed,Alice,
646,Checking,,Deposit,,John,
558,,3000,Deposit,,Sarah,2025-02-01
50,Savings,nan,Deposit,,Alice,
678,,100,Transfer,Failed,Kim,2025-02-01
106,Credit,,,Failed,Kim,2025-02-01
216,Savings,,Transfer,Failed,Sarah,Invalid
658,,3000,Withdrawal,,Alice,
425,Savings,4500,,Completed,,
72,Checking,nan,Transfer,Failed,,
842,Savings,4500,Transfer,Pending,Michael,2025-02-01
785,,100,,Failed,Sarah,
759,Savings,nan,Deposit,Pending,Kim,2025-02-01
446,Credit,3000,,,John,Invalid
186,Savings,100,,Pending,Alice,
70,Checking,nan,,Failed,,2025-02-01
150,Savings,nan,Deposit,Failed,Michael,
246,,4500,,Completed,John,
774,,100,Transfer,,Alice,Invalid
538,Savings,3000,Withdrawal,Pending,,
652,Savings,3000,Transfer,,Sarah,
99,Credit,100,Withdrawal,Failed,,Invalid
278,,100,,Completed,Sarah,
563,,,,Failed,,
663,Checking,200,,Failed,Alice,
455,Savings,4500,Deposit,Failed,,
104,,100,,Pending,Michael,
601,Checking,100,Withdrawal,Failed,,
653,,200,Transfer,,Alice,
725,,200,,,John,
233,,nan,,Completed,John,Invalid
394,Checking,3000,,,,Invalid
501,,4500,Transfer,Failed,,2025-02-01
695,,nan,,Failed,Sarah,
251,,100,,,Alice,
521,,200,,Completed,Sarah,
79,,,Withdrawal,Completed,Michael,Invalid
52,Credit,3000,Withdrawal,,,
898,Checking,nan,Deposit,Pending,John,
781,,,Transfer,Pending,Kim,
226,,3000,,Pending,Kim,
51,Checking,,,Pending,Alice,Invalid
186,Checking,200,,,Alice,
34,Checking,nan,Deposit,Completed,Kim,Invalid
803,Checking,nan,,Failed,Alice,Invalid
742,Savings,3000,Transfer,Failed,John,2025-02-01
131,,,Deposit,,Michael,2025-02-01
632,Savings,200,Transfer,Failed,Michael,2025-02-01
443,,100,Deposit,Pending,Sarah,
838,,nan,,Completed,John,2025-02-01
759,,100,Deposit,,,
432,,200,Withdrawal,Completed,Alice,
704,Checking,nan,,,Alice,2025-02-01
497,Savings,nan,,,,
403,Checking,,,,Sarah,Invalid
323,,100,,,Sarah,
210,Savings,,,Completed,Alice,
615,Checking,4500,Withdrawal,Failed,Alice,Invalid
329,,100,,,,Invalid
372,Checking,100,Deposit,Pending,John,Invalid
460,,4500,,,,
133,Savings,200,,Completed,Sarah,Invalid
835,,200,Transfer,,,Invalid
651,Savings,nan,,Pending,,
121,,3000,,Completed,,
606,Savings,,,,John,2025-02-01
452,,3000,,Pending,,
129,,nan,,Completed,Alice,Invalid
91,Credit,3000,,,Kim,
604,Savings,100,,Pending,,
575,Savings,100,Transfer,Completed,Kim,
29,Checking,4500,Deposit,,,Invalid
722,,4500,,Completed,Alice,
524,Credit,nan,Withdrawal,Pending,Sarah,
333,,nan,,,Kim,Invalid
297,Checking,nan,Withdrawal,,Sarah,
130,Credit,100,,,Kim,
293,,3000,Transfer,Pending,Sarah,2025-02-01
173,Credit,,,Failed,,
720,Savings,nan,Deposit,,Kim,
24,Savings,nan,,Pending,Sarah,
99,Checking,100,,Completed,,2025-02-01
406,,,Deposit,Completed,John,Invalid
356,,100,,Pending,Sarah,2025-02-01
139,Credit,,Deposit,Failed,John,
503,Checking,100,,Pending,John,2025-02-01
826,,3000,Transfer,Completed,Alice,2025-02-01
174,Savings,nan,Transfer,Completed,,Invalid
29,Credit,200,,,,
496,,200,Withdrawal,Failed,John,2025-02-01
655,Savings,nan,,Pending,Michael,2025-02-01
828,Checking,nan,,Completed,,Invalid
351,,nan,,Completed,John,
554,Savings,nan,Transfer,Completed,Sarah,
299,,,Deposit,Pending,John,
720,,3000,,Pending,Sarah,
842,Checking,200,Deposit,Failed,Sarah,Invalid
192,Savings,4500,,,Michael,Invalid
672,Credit,200,Withdrawal,,John,
64,Savings,200,Transfer,,John,
755,,100,Withdrawal,Completed,Kim,2025-02-01
770,Checking,nan,,,,
664,Checking,nan,Transfer,Completed,Kim,Invalid
215,Credit,nan,,Failed,Alice,2025-02-01
834,Checking,100,Withdrawal,Completed,Sarah,2025-02-01
166,Checking,3000,,Failed,Michael,Invalid
543,Checking,3000,,Failed,Kim,2025-02-01
883,Checking,4500,Deposit,,John,
232,Checking,3000,,,Alice,Invalid
794,,3000,,Completed,Michael,
541,Savings,nan,Withdrawal,Pending,,Invalid
195,,,Withdrawal,,John,
506,Checking,200,Transfer,,John,
334,,3000,Transfer,Pending,,Invalid
768,,3000,Deposit,Pending,Sarah,Invalid
793,,100,,,Sarah,
304,Checking,4500,Deposit,Pending,Kim,
833,,,Deposit,Completed,Kim,2025-02-01
437,Checking,100,Withdrawal,Failed,John,Invalid
323,Credit,nan,Deposit,Failed,,Invalid
502,Credit,200,Deposit,,John,2025-02-01
858,Credit,4500,,,Kim,Invalid
393,,100,Transfer,Completed,,2025-02-01
806,Credit,3000,Transfer,Pending,Kim,2025-02-01
599,,3000,,,John,Invalid
149,,4500,Transfer,Failed,Michael,
761,,3000,,Completed,John,
833,Checking,100,,Completed,Michael,Invalid
405,Savings,100,Transfer,Pending,Michael,
283,Checking,3000,,,John,2025-02-01
362,Checking,3000,Transfer,,,
379,Checking,nan,Transfer,Completed,,Invalid
198,Checking,200,,Failed,Alice,Invalid
556,Savings,4500,Deposit,,Kim,
356,Credit,100,Deposit,Failed,,Invalid
540,Checking,4500,Deposit,Completed,Sarah,
429,,nan,Deposit,,John,
17,,100,Transfer,Failed,Michael,2025-02-01
639,,nan,Withdrawal,Completed,John,
379,,nan,,Failed,Kim,
680,Checking,,Withdrawal,,,
506,Savings,3000,Withdrawal,Pending,,
756,Credit,,,Failed,,2025-02-01
899,,4500,Deposit,Pending,,2025-02-01
76,Credit,4500,Transfer,,Michael,2025-02-01
231,Savings,3000,Deposit,Pending,Sarah,
716,,,Deposit,Completed,Sarah,
248,Credit,4500,Withdrawal,Pending,,
302,Savings,,,Failed,Sarah,2025-02-01
726,Credit,3000,Deposit,Failed,,
215,Checking,100,,Pending,,
158,Savings,nan,,Completed,Alice,
69,Credit,nan,Deposit,,Michael,
393,Checking,,Withdrawal,Pending,,
85,Checking,4500,Withdrawal,Failed,Michael,Invalid
267,Savings,,Transfer,Failed,,2025-02-01
69,,,,Pending,,
611,,200,Withdrawal,Pending,,
347,Savings,nan,Transfer,Pending,,Invalid
728,Checking,3000,,,,
673,Checking,,,Failed,Alice,Invalid
423,Savings,200,,Failed,Michael,
606,,200,Deposit,Failed,,
174,,nan,,,Alice,
677,Credit,nan,Transfer,Completed,John,
115,Savings,nan,,Failed,,
220,,3000,Deposit,Failed,Kim,
31,,200,Transfer,Completed,,Invalid
523,Checking,4500,Transfer,,Sarah,2025-02-01
343,Credit,3000,Withdrawal,Completed,Alice,
377,Savings,100,,Completed,Alice,Invalid
130,Checking,,,Completed,,Invalid
617,Checking,nan,Withdrawal,Completed,Alice,Invalid
539,,200,,,John,
739,,,Deposit,,Alice,
2,Savings,3000,,Completed,Kim,Invalid
871,Savings,100,Withdrawal,Pending,Kim,
101,Savings,3000,Transfer,Pending,,Invalid
533,Checking,3000,Withdrawal,Pending,,
58,,4500,,Pending,Sarah,
389,Credit,,Deposit,Failed,John,
692,Checking,4500,,,Kim,2025-02-01
341,Credit,3000,Transfer,,,
861,,100,Transfer,Completed,Michael,2025-02-01
20,,200,Transfer,Failed,Michael,Invalid
255,Savings,200,Transfer,Completed,Michael,
317,Credit,,Withdrawal,Completed,,
38,Checking,nan,Transfer,,,
660,Credit,nan,Transfer,Failed,Alice,2025-02-01
537,,200,Withdrawal,Pending,,2025-02-01
386,Savings,3000,Transfer,,Alice,Invalid
633,Credit,3000,,Failed,Michael,
26,,4500,,Failed,Sarah,
454,Checking,,,,Sarah,2025-02-01
681,,4500,,,Alice,
323,Checking,nan,Deposit,Completed,Michael,
737,Savings,200,Deposit,Completed,,
513,Checking,3000,Deposit,Completed,Sarah,2025-02-01
819,Checking,200,Withdrawal,Pending,Alice,Invalid
773,Checking,100,,,,2025-02-01
13,Checking,200,Deposit,Failed,Michael,2025-02-01
560,Savings,100,,,John,
825,,4500,Withdrawal,Failed,Michael,2025-02-01
371,Credit,4500,,Pending,,
291,,nan,,,Michael,Invalid
332,Credit,200,Transfer,Failed,,
606,Credit,200,,Failed,,Invalid
261,,100,Transfer,Completed,Kim,Invalid
790,Savings,4500,Withdrawal,Pending,Kim,Invalid
871,,100,,,,2025-02-01
205,Savings,4500,,Completed,,
697,Credit,100,Withdrawal,Pending,John,
687,Savings,4500,Withdrawal,Completed,John,2025-02-01
387,,100,Deposit,,Michael,Invalid
892,,4500,,Failed,,
821,,,,,Sarah,2025-02-01
468,Credit,100,,Pending,,
415,,200,Withdrawal,,John,Invalid
69,Credit,nan,Withdrawal,Pending,Michael,
472,,,,Completed,,
104,Credit,,Withdrawal,Pending,Alice,Invalid
758,,100,Transfer,Failed,Kim,
161,,nan,Transfer,Failed,,2025-02-01
200,Credit,200,Transfer,Failed,Sarah,
216,,,Transfer,Completed,Michael,
212,,200,,Pending,,2025-02-01
508,Credit,4500,,Completed,,
16,,nan,Transfer,,Alice,
498,,3000,Withdrawal,,Kim,
884,,4500,Transfer,,Alice,
332,,nan,,,Michael,
717,,100,Withdrawal,Failed,John,Invalid
877,Credit,100,Transfer,Pending,Kim,
551,,200,,Failed,Alice,Invalid
601,,,Withdrawal,Pending,John,2025-02-01
256,Savings,3000,Withdrawal,Pending,Sarah,Invalid
766,,100,,Completed,Michael,Invalid
728,,nan,Withdrawal,,Michael,Invalid
880,Savings,,Transfer,Pending,Kim,Invalid
815,,,Withdrawal,,Alice,Invalid
172,Checking,nan,Transfer,,Sarah,2025-02-01
649,Checking,,,,,2025-02-01
498,,100,Deposit,Failed,Kim,Invalid
471,,nan,,,,Invalid
384,Checking,nan,Transfer,Pending,Kim,
690,Credit,200,,Failed,Alice,2025-02-01
589,Credit,3000,,,Sarah,
700,Savings,200,,Completed,Alice,2025-02-01
507,,3000,,,Michael,
527,,nan,Transfer,,,
804,Checking,,Transfer,Failed,John,Invalid
831,,3000,Deposit,Pending,,
325,,nan,Withdrawal,,Michael,Invalid
214,Checking,nan,,Failed,Michael,2025-02-01
208,Checking,200,Transfer,Failed,,Invalid
169,,200,,Pending,Kim,
330,Checking,,,Failed,Michael,
280,Savings,4500,Withdrawal,Pending,,
305,Savings,100,Deposit,Completed,Sarah,2025-02-01
146,,4500,,,Michael,
775,,4500,Withdrawal,Failed,Sarah,
516,Savings,,Deposit,Completed,Alice,2025-02-01
90,Savings,3000,,Failed,Kim,2025-02-01
453,,,Withdrawal,Failed,Sarah,
60,Credit,,Transfer,Completed,Michael,
311,Checking,nan,,Failed,Kim,
528,Savings,nan,Withdrawal,Failed,,
227,Credit,nan,Deposit,Completed,Kim,
474,,100,Withdrawal,Failed,Sarah,
541,Credit,3000,Transfer,Pending,Sarah,
663,,3000,,Failed,John,
757,,nan,,,John,
782,,4500,,Failed,Kim,
79,Credit,100,Transfer,,,
433,,4500,Deposit,,,
801,Savings,200,,Failed,John,
153,Credit,3000,Deposit,Completed,Michael,Invalid
789,Savings,3000,Withdrawal,Pending,Alice,2025-02-01
401,Credit,4500,Deposit,Pending,Kim,2025-02-01
279,Savings,100,Deposit,Failed,Alice,
57,Credit,3000,,Completed,John,2025-02-01
186,,4500,,Completed,Sarah,
398,Checking,,,Pending,,
605,,,Transfer,Completed,Kim,Invalid
788,Savings,100,Transfer,Failed,John,2025-02-01
158,,4500,,Failed,Michael,2025-02-01
787,,,Withdrawal,Completed,,
693,Checking,100,,Failed,Kim,Invalid
359,Savings,nan,,,Kim,Invalid
440,,100,Withdrawal,Pending,,Invalid
589,Credit,200,Withdrawal,Failed,Sarah,
466,,nan,,Completed,Kim,2025-02-01
663,Savings,4500,Transfer,Pending,Sarah,2025-02-01
446,,nan,Withdrawal,Failed,John,Invalid
750,Savings,nan,Transfer,Pending,Michael,
801,Credit,4500,Deposit,Completed,,
743,Checking,4500,,,,
488,,,,,Michael,Invalid
530,Savings,200,,Failed,Kim,
73,Savings,4500,,,Kim,Invalid
701,Savings,3000,Deposit,Failed,John,Invalid
17,Checking,3000,,Pending,,Invalid
531,Savings,200,Deposit,Failed,,
731,,100,,Failed,,Invalid
326,,100,Withdrawal,Failed,Sarah,
632,Savings,3000,,,,
613,,4500,Deposit,Failed,Michael,2025-02-01
546,,200,,Completed,,2025-02-01
596,,100,,Failed,,
708,Savings,100,,Pending,Sarah,
842,Credit,nan,Transfer,Completed,John,
202,,3000,Deposit,Pending,Michael,
344,Checking,4500,Deposit,Pending,,
853,Savings,200,,Pending,Michael,
523,Checking,100,Withdrawal,Completed,,Invalid
859,Credit,nan,,Completed,Alice,2025-02-01
400,Checking,3000,Transfer,,John,
218,Savings,3000,,Completed,John,Invalid
445,Savings,200,Transfer,Failed,Alice,
765,Credit,100,Withdrawal,Pending,Sarah,Invalid
222,Savings,200,,,,
383,Credit,200,Deposit,Completed,,2025-02-01
881,Credit,,,Pending,,2025-02-01
592,Savings,nan,Withdrawal,Completed,,
7,,3000,Deposit,,,Invalid
272,Credit,,Transfer,Completed,,
739,Savings,4500,,Completed,,Invalid
16,,3000,,Pending,,2025-02-01
424,Credit,3000,,Failed,Alice,
524,,nan,Transfer,Completed,John,
803,,4500,Withdrawal,,Sarah,Invalid
753,,100,,Completed,Michael,Invalid
21,,4500,Transfer,Completed,,
690,Credit,100,,Failed,Alice,2025-02-01
228,Savings,4500,Deposit,Pending,,
785,Checking,200,,,Sarah,
288,Savings,4500,,Pending,Sarah,Invalid
809,Checking,,Transfer,Pending,Sarah,
134,Checking,,,Pending,Alice,
283,Credit,nan,Transfer,Completed,Michael,
404,,100,Deposit,Failed,,2025-02-01
665,Savings,3000,Transfer,Completed,Sarah,Invalid
66,,nan,Withdrawal,,Alice,Invalid
649,,,,Failed,,Invalid
604,Credit,,,Pending,John,2025-02-01
437,Credit,100,Deposit,Failed,,Invalid
829,,,,,Alice,
259,Savings,,Transfer,Completed,Alice,Invalid
103,,100,Withdrawal,Completed,Alice,Invalid
567,Savings,,Transfer,Pending,Sarah,Invalid
769,Checking,3000,,Completed,Alice,2025-02-01
101,Credit,200,Deposit,Completed,John,
198,Savings,nan,,,Sarah,
813,,3000,,Failed,,
226,,3000,Deposit,Completed,John,
463,Credit,200,,,Kim,
237,,nan,Withdrawal,,,Invalid
26,,3000,Transfer,Pending,Alice,Invalid
121,Savings,,,,,Invalid
506,,200,Deposit,Pending,,2025-02-01
182,Credit,nan,,Completed,Sarah,Invalid
711,Savings,4500,,Pending,,2025-02-01
814,Checking,100,,,,
767,,,Deposit,Failed,Sarah,Invalid
634,,200,Deposit,Failed,,Invalid
543,Savings,100,,Completed,Alice,
315,,4500,Transfer,Completed,Michael,
797,,3000,,Failed,Michael,Invalid
618,Credit,3000,,Pending,John,2025-02-01
736,,nan,Withdrawal,Completed,Alice,
273,Checking,200,,,,
232,,200,Deposit,Completed,Alice,
420,,nan,,Pending,Kim,2025-02-01
768,,100,Withdrawal,Completed,Michael,
442,Savings,3000,,,,2025-02-01
496,,3000,,,,
24,,200,Withdrawal,,,
109,Savings,200,,Pending,Michael,2025-02-01
703,Credit,nan,,Pending,Alice,
502,Savings,4500,,,,2025-02-01
859,Checking,100,Transfer,,John,Invalid
25,Savings,,,Pending,,
187,Credit,4500,Withdrawal,Pending,Alice,
288,,4500,Transfer,Pending,John,
628,Savings,200,,Failed,,Invalid
338,Savings,200,Transfer,Pending,Michael,2025-02-01
878,Savings,200,Withdrawal,,Kim,2025-02-01
37,Savings,4500,,Failed,Sarah,
794,Credit,100,Deposit,Pending,Michael,2025-02-01
137,,200,Withdrawal,,John,
508,,3000,,Completed,Alice,
227,Savings,100,,Failed,,
320,Credit,3000,Withdrawal,,,
840,Credit,100,,Completed,Michael,
182,Savings,200,Withdrawal,,,2025-02-01
874,Checking,,Deposit,Pending,,2025-02-01
86,Savings,nan,Withdrawal,Pending,Kim,2025-02-01
467,Checking,200,,Completed,,Invalid
53,Savings,4500,,Pending,John,
860,Checking,,Transfer,,,
867,Checking,4500,,Completed,,2025-02-01
235,Savings,100,,,Alice,Invalid
779,Checking,4500,Withdrawal,,Sarah,
799,,,,,,
433,,,,Pending,John,
496,Credit,200,Deposit,Pending,Alice,2025-02-01
100,Checking,3000,Withdrawal,,,
599,Checking,200,,Failed,Sarah,
403,Credit,100,,,Alice,Invalid
396,Checking,4500,Transfer,,Sarah,
527,Credit,3000,,Completed,Sarah,
415,Savings,nan,Deposit,,Sarah,
613,,,Deposit,Pending,Alice,
677,,3000,,Completed,,2025-02-01
463,,3000,,Failed,Sarah,2025-02-01
541,Checking,200,,Completed,,2025-02-01
626,,nan,,Failed,,
619,Savings,,Transfer,Completed,,Invalid
364,,100,,Completed,John,Invalid
130,Savings,100,Withdrawal,Failed,Kim,
84,Savings,3000,Transfer,Pending,,Invalid
271,Checking,3000,,Pending,,Invalid
244,Savings,4500,,Pending,Kim,
388,,nan,Deposit,Completed,Sarah,2025-02-01
214,,,,,Kim,
818,,3000,Transfer,Completed,Kim,2025-02-01
166,Checking,4500,,,Sarah,2025-02-01
791,,nan,Transfer,,,Invalid
59,Credit,,Withdrawal,Pending,Sarah,Invalid
602,,100,,,John,2025-02-01
883,Credit,4500,,Completed,Michael,2025-02-01
843,Credit,nan,,Completed,Alice,Invalid
504,Checking,4500,,Pending,Sarah,
706,Savings,3000,Deposit,Failed,Sarah,2025-02-01
123,Credit,200,Deposit,Completed,Kim,2025-02-01
648,,100,,,John,2025-02-01
413,Savings,3000,,Completed,,Invalid
139,,3000,Withdrawal,Completed,,
229,,nan,,Completed,Kim,2025-02-01
274,Savings,4500,,Failed,,2025-02-01
439,Savings,100,Deposit,,Sarah,2025-02-01
562,,3000,Withdrawal,Pending,Sarah,
118,Checking,nan,,Completed,Kim,
714,,100,Withdrawal,,Sarah,2025-02-01
483,,4500,,,,2025-02-01
395,Checking,3000,Transfer,Pending,Michael,
703,Savings,,Withdrawal,Completed,Alice,
876,,3000,Withdrawal,Failed,Alice,
460,,3000,Deposit,,Alice,2025-02-01
835,,100,,Pending,Michael,2025-02-01
693,Checking,100,Withdrawal,Failed,Sarah,2025-02-01
78,,100,,,Kim,2025-02-01
412,Checking,100,Deposit,Completed,,Invalid
75,Savings,nan,,,John,Invalid
295,Checking,200,Deposit,Failed,Sarah,Invalid
793,Checking,nan,Deposit,Failed,Michael,
21,,3000,,Completed,,
171,,nan,,Completed,Michael,2025-02-01
15,,4500,Transfer,Pending,,
211,Credit,,,Completed,Alice,Invalid
560,Checking,100,Deposit,Pending,Sarah,2025-02-01
86,Credit,4500,Transfer,Failed,,2025-02-01
149,,,Withdrawal,Failed,Alice,
700,,4500,Withdrawal,,John,
372,,3000,,,,
480,,100,Transfer,Pending,Alice,Invalid
818,,4500,,Completed,John,
151,Savings,3000,Transfer,Completed,Michael,Invalid
141,Checking,100,,,Alice,
69,,200,,Failed,Alice,
260,,3000,,Pending,Kim,2025-02-01
846,,nan,Withdrawal,Failed,,
521,,100,Transfer,Failed,,
633,,4500,,Completed,,2025-02-01
371,Credit,,,Pending,Michael,
419,Checking,4500,Withdrawal,Failed,Kim,Invalid
101,Checking,nan,,,,Invalid
661,Savings,nan,Transfer,,John,
658,Savings,4500,Withdrawal,Completed,,Invalid
865,Savings,,Transfer,,John,
243,Checking,100,Transfer,,Michael,2025-02-01
753,Credit,3000,Transfer,Failed,,
512,Checking,nan,Withdrawal,,John,2025-02-01
849,Checking,nan,,,Michael,
555,Checking,nan,Deposit,Failed,,
95,Checking,,,Completed,John,2025-02-01
226,Credit,200,Withdrawal,Completed,Sarah,Invalid
518,Savings,,Deposit,Pending,Alice,Invalid
214,,100,Deposit,,,Invalid
718,Savings,100,Deposit,Failed,,Invalid
67,Savings,100,,Pending,,2025-02-01
396,,100,Withdrawal,Completed,Sarah,
612,Checking,100,,Completed,Michael,
12,Credit,4500,Deposit,Failed,Michael,2025-02-01
237,Credit,nan,,Pending,,Invalid
834,Savings,,,Pending,Sarah,Invalid
770,,4500,Withdrawal,Failed,,2025-02-01
399,,,Transfer,Failed,Alice,
407,Checking,200,,Pending,Alice,2025-02-01
849,Savings,3000,,Completed,Kim,2025-02-01
480,Credit,nan,Deposit,,John,
647,,200,Deposit,Completed,Kim,2025-02-01
222,,4500,Deposit,Failed,Alice,
156,Savings,3000,,Pending,Sarah,
654,,200,,Pending,John,2025-02-01
428,Credit,,Deposit,,Sarah,2025-02-01
158,Savings,3000,Withdrawal,Pending,Kim,Invalid
416,,,,,Michael,2025-02-01
326,,200,Transfer,Completed,Sarah,Invalid
371,Checking,4500,,Completed,Kim,Invalid
344,Credit,,,Pending,Kim,Invalid
262,Credit,3000,Withdrawal,Pending,Kim,
283,,200,Transfer,Failed,Michael,
850,Savings,,Transfer,Failed,Michael,Invalid
856,,4500,,Pending,,2025-02-01
